"","x"
"1","115 intron9"
"2","105375180 intron2"
"3","155038 intron2"
"4","10724 intron14"
"5","129521 intron6"
"6","102723727 intron2"
"7","117532 intron10"
"8","102723395 intron1"
"9","137682 intron4"
"10","11262 intron10"
"11","105369574 intron1"
"12","105369574 intron2"
"13","105369577 intron1"
"14","100131755 intron3"
"15","107987120 intron1"
"16","105370991 intron9"
"17","105375186 intron2"
"18","105374186 intron1"
"19","10855 intron3"
"20","10855 intron2"
"21","10893 intron9"
"22","10894 intron1"
"23","105371283 intron2"
"24","11325 intron11"
"25","140700 intron4"
"26","140700 intron3"
"27","140700 intron1"
"28","114991 intron10"
"29","130813 intron1"
"30","157313 intron1"
"31","107985792 intron8"
"32","102724362 intron1"
"33","115995503 intron3"
"34","115992 intron6"
"35","105377731 intron3"
"36","121512 intron16"
"37","10845 intron10"
"38","124909364 intron1"
"39","102723686 intron5"
"40","102724680 intron2"
"41","10079 intron10"
"42","102724208 intron1"
"43","10867 intron1"
"44","10112 intron11"
"45","100652770 intron5"
"46","105379041 intron1"
"47","100190939 intron8"
"48","100131234 intron3"
"49","10561 intron2"
"50","104 intron8"
"51","115330 intron3"
"52","115350 intron8"
"53","124902656 intron1"
"54","124902656 intron3"
"55","124902664 intron2"
"56","122152331 intron2"
"57","122152369 intron1"
"58","143689 intron4"
"59","11346 intron7"
"60","116039 intron3"
"61","10479 intron11"
"62","107986238 intron1"
"63","107986256 intron2"
"64","149041 intron19"
"65","149041 intron15"
"66","124904791 intron2"
"67","116985 intron18"
"68","116985 intron9"
"69","101929076 intron2"
"70","101929077 intron2"
"71","100130348 intron2"
"72","100130418 intron2"
"73","1381 intron1"
"74","1382 intron1"
"75","105370345 intron4"
"76","105370345 intron3"
"77","105370345 intron1"
"78","10599 intron5"
"79","105377840 intron3"
"80","105377841 intron3"
"81","10497 intron36"
"82","105377953 intron4"
"83","124909458 intron1"
"84","11321 intron2"
"85","11254 intron3"
"86","105371692 intron6"
"87","102724428 intron9"
"88","102724428 intron10"
"89","102724428 intron12"
"90","105371554 intron3"
"91","105372892 intron4"
"92","105372353 intron5"
"93","105377112 intron1"
"94","105377113 intron2"
"95","105369647 intron1"
"96","105369649 intron2"
"97","105369649 intron1"
"98","105369652 intron1"
"99","105369655 intron2"
"100","124904958 intron1"
"101","1107 intron9"
"102","151651 intron12"
"103","130940 intron4"
"104","101929468 intron9"
"105","101929473 intron2"
"106","101929476 intron1"
"107","105374218 intron1"
"108","105377509 intron4"
"109","105376101 intron2"
"110","105376103 intron1"
"111","114876 intron8"
"112","102723680 intron1"
"113","102546229 intron2"
"114","102546294 intron1"
"115","102546298 intron2"
"116","102557615 intron2"
"117","10256 intron7"
"118","139322 intron3"
"119","139324 intron10"
"120","101927921 intron1"
"121","101927932 intron4"
"122","1016 intron17"
"123","105377099 intron1"
"124","105377141 intron2"
"125","1289 intron39"
"126","100423062 intron2"
"127","151647 intron3"
"128","100133311 intron2"
"129","100133461 intron2"
"130","121227 intron6"
"131","105369828 intron2"
"132","105369828 intron6"
"133","151658 intron1"
"134","1517 intron3"
"135","105377979 intron5"
"136","105377981 intron1"
"137","101 intron17"
"138","101060226 intron89"
"139","146198 intron1"
"140","1462 intron4"
"141","1462 intron11"
"142","105376426 intron3"
"143","101060254 intron8"
"144","11146 intron5"
"145","10892 intron4"
"146","10892 intron6"
"147","107986976 intron2"
"148","1121 intron11"
"149","1121 intron5"
"150","102724642 intron1"
"151","107984521 intron1"
"152","10392 intron5"
"153","10393 intron6"
"154","107986085 intron1"
"155","114795 intron4"
"156","105369565 intron2"
"157","105373579 intron1"
"158","1549 intron7"
"159","155 intron1"
"160","155038 intron5"
"161","116179 intron6"
"162","105373212 intron1"
"163","105373215 intron1"
"164","105373215 intron2"
"165","101060389 intron1"
"166","101060389 intron2"
"167","124903734 intron1"
"168","105377714 intron1"
"169","105379477 intron2"
"170","10499 intron8"
"171","107986768 intron1"
"172","107986770 intron1"
"173","107986776 intron4"
"174","107986776 intron3"
"175","107986777 intron3"
"176","105370335 intron2"
"177","105370340 intron1"
"178","101929423 intron5"
"179","101929427 intron1"
"180","101929428 intron1"
"181","101927329 intron3"
"182","1291 intron28"
"183","105379366 intron5"
"184","105379370 intron2"
"185","105379371 intron3"
"186","10610 intron3"
"187","10611 intron15"
"188","10367 intron15"
"189","105378525 intron1"
"190","10460 intron11"
"191","115353 intron5"
"192","102723803 intron3"
"193","105370238 intron2"
"194","1479 intron2"
"195","147323 intron2"
"196","105377187 intron2"
"197","10544 intron2"
"198","105373108 intron3"
"199","105373108 intron2"
"200","124903072 intron1"
"201","10129 intron17"
"202","10686 intron4"
"203","105378433 intron1"
"204","105378437 intron4"
"205","105377123 intron6"
"206","105377516 intron2"
"207","10612 intron3"
"208","10121 intron10"
"209","129563 intron4"
"210","134526 intron10"
"211","134526 intron9"
"212","105375743 intron2"
"213","105375743 intron1"
"214","125061 intron8"
"215","125144 intron1"
"216","107984516 intron6"
"217","100526825 intron2"
"218","112 intron21"
"219","112 intron20"
"220","115861 intron1"
"221","1159 intron1"
"222","1159 intron4"
"223","105371660 intron1"
"224","10690 intron1"
"225","1314 intron19"
"226","101929457 intron1"
"227","124903469 intron2"
"228","124903471 intron1"
"229","10349 intron34"
"230","105374323 intron2"
"231","126859 intron12"
"232","11285 intron4"
"233","112858 intron1"
"234","143162 intron6"
"235","150094 intron8"
"236","107984245 intron2"
"237","107984260 intron1"
"238","107984260 intron2"
"239","105370208 intron1"
"240","119391 intron2"
"241","107985861 intron1"
"242","107985863 intron1"
"243","101929512 intron2"
"244","10642 intron17"
"245","100505839 intron2"
"246","10749 intron1"
"247","10268 intron3"
"248","105372718 intron1"
"249","150776 intron17"
"250","150864 intron2"
"251","150864 intron4"
"252","1509 intron5"
"253","124903296 intron3"
"254","1107 intron42"
"255","145508 intron29"
"256","124900745 intron4"
"257","101929768 intron4"
"258","112939 intron1"
"259","112942 intron2"
"260","116988 intron7"
"261","1016 intron6"
"262","1016 intron5"
"263","1016 intron3"
"264","124906058 intron1"
"265","108903150 intron1"
"266","11129 intron4"
"267","11235 intron8"
"268","105374286 intron4"
"269","105378979 intron2"
"270","105378980 intron1"
"271","105375049 intron2"
"272","126626 intron2"
"273","149086 intron1"
"274","149095 intron1"
"275","153241 intron5"
"276","153241 intron4"
"277","153241 intron3"
"278","124901024 intron2"
"279","130507 intron21"
"280","130507 intron22"
"281","10691 intron12"
"282","10691 intron13"
"283","10692 intron2"
"284","10693 intron3"
"285","10693 intron1"
"286","1307 intron34"
"287","105369329 intron1"
"288","102723798 intron3"
"289","105377536 intron3"
"290","105377536 intron2"
"291","10178 intron34"
"292","101928005 intron3"
"293","101928007 intron1"
"294","10212 intron9"
"295","10212 intron8"
"296","10212 intron7"
"297","10212 intron4"
"298","10149 intron21"
"299","105374235 intron10"
"300","105374235 intron9"
"301","105378010 intron2"
"302","105378011 intron2"
"303","105378021 intron2"
"304","124902781 intron1"
"305","124902784 intron1"
"306","124902793 intron1"
"307","102723780 intron1"
"308","10053 intron5"
"309","105376144 intron2"
"310","116449 intron11"
"311","105374254 intron1"
"312","102723795 intron3"
"313","124903920 intron2"
"314","124359 intron8"
"315","105374340 intron3"
"316","114915 intron3"
"317","114926 intron1"
"318","114960 intron4"
"319","114960 intron3"
"320","114960 intron1"
"321","105748977 intron2"
"322","124902736 intron1"
"323","109729164 intron1"
"324","121009647 intron2"
"325","10154 intron23"
"326","105377258 intron2"
"327","124902520 intron1"
"328","116986 intron12"
"329","1278 intron3"
"330","11073 intron7"
"331","11073 intron6"
"332","10991 intron15"
"333","105376158 intron2"
"334","105378668 intron1"
"335","10396 intron27"
"336","107985167 intron4"
"337","107985177 intron2"
"338","107985200 intron3"
"339","144100 intron13"
"340","144100 intron11"
"341","11140 intron2"
"342","11116 intron12"
"343","1017 intron3"
"344","1007 intron5"
"345","1007 intron4"
"346","1007 intron3"
"347","10071 intron9"
"348","10072 intron1"
"349","101928232 intron3"
"350","10178 intron40"
"351","137392 intron7"
"352","1389 intron2"
"353","1389 intron3"
"354","105375287 intron12"
"355","105375287 intron15"
"356","105375292 intron1"
"357","11253 intron2"
"358","105374706 intron3"
"359","105373708 intron1"
"360","105373710 intron2"
"361","154091 intron2"
"362","107984331 intron1"
"363","100506637 intron2"
"364","100506649 intron3"
"365","105374285 intron1"
"366","10788 intron20"
"367","107985395 intron1"
"368","107985396 intron1"
"369","124901180 intron1"
"370","112268261 intron1"
"371","11181 intron5"
"372","11183 intron29"
"373","105374245 intron1"
"374","105374246 intron1"
"375","146691 intron13"
"376","146691 intron12"
"377","143 intron21"
"378","143 intron16"
"379","114134 intron4"
"380","123016 intron13"
"381","100128531 intron4"
"382","100128537 intron1"
"383","124900191 intron4"
"384","124900192 intron1"
"385","124900194 intron2"
"386","10156 intron11"
"387","124905237 intron1"
"388","123041 intron5"
"389","123041 intron10"
"390","123169 intron2"
"391","100129427 intron2"
"392","100874087 intron2"
"393","102723803 intron4"
"394","101928190 intron1"
"395","124904349 intron2"
"396","124602 intron13"
"397","135112 intron2"
"398","135112 intron3"
"399","105373465 intron4"
"400","105373465 intron3"
"401","105370195 intron1"
"402","102724319 intron1"
"403","11343 intron9"
"404","10133 intron14"
"405","10133 intron15"
"406","100507528 intron2"
"407","124900864 intron1"
"408","126859 intron18"
"409","126868 intron1"
"410","10150 intron11"
"411","10152 intron3"
"412","10152 intron7"
"413","10935 intron5"
"414","100129029 intron1"
"415","100874016 intron3"
"416","153830 intron5"
"417","105373594 intron2"
"418","105374423 intron3"
"419","11137 intron13"
"420","102724802 intron3"
"421","100287932 intron3"
"422","100288077 intron6"
"423","124901432 intron1"
"424","107986405 intron2"
"425","155400 intron8"
"426","1278 intron46"
"427","124901453 intron1"
"428","124901454 intron1"
"429","124901458 intron1"
"430","105369428 intron8"
"431","153090 intron8"
"432","153090 intron16"
"433","101928248 intron2"
"434","101928237 intron2"
"435","124902892 intron2"
"436","124902890 intron2"
"437","105374292 intron1"
"438","11113 intron26"
"439","11113 intron25"
"440","101928280 intron2"
"441","101928283 intron4"
"442","119395 intron2"
"443","105375783 intron1"
"444","10076 intron1"
"445","10076 intron2"
"446","105373539 intron4"
"447","105373548 intron1"
"448","124902907 intron2"
"449","154197 intron19"
"450","105373871 intron3"
"451","155435 intron14"
"452","105378808 intron1"
"453","10813 intron10"
"454","10814 intron2"
"455","10814 intron8"
"456","10388 intron18"
"457","10388 intron13"
"458","10879 intron2"
"459","107986980 intron4"
"460","105378424 intron2"
"461","105378427 intron1"
"462","155435 intron2"
"463","155435 intron8"
"464","10739 intron3"
"465","10739 intron2"
"466","11107 intron5"
"467","105377397 intron2"
"468","105379020 intron2"
"469","102467225 intron1"
"470","102467225 intron4"
"471","124901267 intron2"
"472","124901278 intron1"
"473","124901280 intron2"
"474","124901280 intron1"
"475","105372574 intron2"
"476","102724062 intron1"
"477","102724062 intron2"
"478","124903925 intron1"
"479","139818 intron55"
"480","101926892 intron1"
"481","101926893 intron2"
"482","1415 intron6"
"483","105373368 intron1"
"484","109 intron25"
"485","10006 intron2"
"486","10961 intron1"
"487","117177 intron9"
"488","105374394 intron2"
"489","100507489 intron1"
"490","105372044 intron1"
"491","11257 intron1"
"492","112574 intron1"
"493","100507053 intron8"
"494","100130691 intron8"
"495","1503 intron16"
"496","144406 intron7"
"497","144448 intron2"
"498","124903508 intron2"
"499","124903515 intron1"
"500","105373239 intron1"
"501","1271 intron2"
"502","102723619 intron1"
"503","115019 intron4"
"504","124901769 intron1"
"505","107986009 intron3"
"506","107986044 intron1"
"507","105376184 intron3"
"508","105374355 intron3"
"509","105374357 intron2"
"510","105374413 intron1"
"511","104266959 intron3"
"512","124903937 intron1"
"513","105377560 intron1"
"514","10761 intron1"
"515","10762 intron1"
"516","107 intron7"
"517","140890 intron6"
"518","105373373 intron2"
"519","105373373 intron3"
"520","10516 intron9"
"521","107985662 intron1"
"522","10456 intron4"
"523","100874101 intron1"
"524","1400 intron1"
"525","140032 intron6"
"526","1310 intron16"
"527","124904297 intron1"
"528","105370542 intron3"
"529","105371406 intron3"
"530","135138 intron3"
"531","105371335 intron1"
"532","124903493 intron1"
"533","100505666 intron1"
"534","105374458 intron1"
"535","105374459 intron5"
"536","114790 intron3"
"537","114790 intron9"
"538","115908 intron2"
"539","115908 intron4"
"540","101926933 intron1"
"541","11311 intron16"
"542","11194 intron15"
"543","113174 intron10"
"544","124901379 intron1"
"545","105373449 intron1"
"546","105371252 intron1"
"547","100505767 intron2"
"548","105369317 intron3"
"549","11340 intron8"
"550","100873986 intron3"
"551","10527 intron12"
"552","105369454 intron3"
"553","124904921 intron1"
"554","100270679 intron2"
"555","10014 intron3"
"556","100144595 intron3"
"557","10036 intron2"
"558","10484 intron11"
"559","134266 intron3"
"560","105372981 intron1"
"561","11143 intron8"
"562","101926942 intron3"
"563","100127206 intron1"
"564","105376333 intron1"
"565","105369739 intron1"
"566","105369739 intron2"
"567","105369743 intron5"
"568","102724340 intron1"
"569","10939 intron8"
"570","105372546 intron1"
"571","105378883 intron3"
"572","144501 intron5"
"573","105378519 intron2"
"574","105378520 intron2"
"575","11100 intron2"
"576","122830 intron3"
"577","126206 intron13"
"578","126231 intron7"
"579","105371293 intron3"
"580","105371293 intron1"
"581","105378884 intron3"
"582","124909447 intron1"
"583","124909450 intron1"
"584","105378758 intron2"
"585","1439 intron1"
"586","143903 intron7"
"587","105378043 intron2"
"588","105378049 intron2"
"589","105374764 intron3"
"590","105374768 intron1"
"591","105374480 intron2"
"592","105374481 intron3"
"593","107984419 intron4"
"594","101928068 intron1"
"595","101928077 intron4"
"596","107986938 intron2"
"597","129685 intron5"
"598","10994 intron13"
"599","124904535 intron1"
"600","1488 intron6"
"601","101929780 intron14"
"602","100506866 intron4"
"603","130399 intron9"
"604","130540 intron4"
"605","101929567 intron3"
"606","101929570 intron1"
"607","10344 intron3"
"608","10344 intron2"
"609","10885 intron12"
"610","10885 intron19"
"611","124909437 intron1"
"612","113235 intron1"
"613","101926917 intron8"
"614","127833 intron5"
"615","142684 intron1"
"616","142685 intron3"
"617","102723348 intron3"
"618","105374454 intron3"
"619","105369913 intron2"
"620","105374468 intron1"
"621","105377713 intron1"
"622","100507602 intron1"
"623","10430 intron2"
"624","104310351 intron2"
"625","104310353 intron3"
"626","105378937 intron1"
"627","125476 intron6"
"628","129607 intron4"
"629","102724467 intron2"
"630","10320 intron4"
"631","124906132 intron2"
"632","124906198 intron2"
"633","10207 intron15"
"634","100129543 intron6"
"635","101928478 intron1"
"636","101928484 intron2"
"637","11183 intron15"
"638","11183 intron12"
"639","105371901 intron4"
"640","123706549 intron1"
"641","123720 intron4"
"642","123745 intron17"
"643","105371068 intron3"
"644","1106 intron7"
"645","105372859 intron1"
"646","105377168 intron1"
"647","100507475 intron1"
"648","10787 intron18"
"649","10787 intron10"
"650","10788 intron7"
"651","10788 intron8"
"652","11124 intron22"
"653","11124 intron21"
"654","100861522 intron1"
"655","114294 intron5"
"656","105374524 intron2"
"657","105374524 intron5"
"658","100507178 intron2"
"659","100507195 intron1"
"660","100507205 intron1"
"661","11160 intron5"
"662","105377171 intron2"
"663","105377382 intron2"
"664","10083 intron16"
"665","10083 intron13"
"666","1188 intron7"
"667","100128594 intron1"
"668","10400 intron6"
"669","10400 intron4"
"670","10951 intron3"
"671","10951 intron2"
"672","1387 intron6"
"673","138724 intron1"
"674","10013 intron17"
"675","105375244 intron2"
"676","149992 intron2"
"677","124901912 intron1"
"678","105371622 intron1"
"679","115111 intron6"
"680","124903335 intron2"
"681","124903339 intron1"
"682","130074 intron6"
"683","1301 intron33"
"684","1297 intron9"
"685","105374511 intron2"
"686","105374511 intron3"
"687","124905134 intron1"
"688","124905135 intron2"
"689","101928476 intron2"
"690","10319 intron17"
"691","10319 intron26"
"692","105378401 intron1"
"693","118827818 intron1"
"694","118427 intron3"
"695","124901095 intron1"
"696","101928496 intron9"
"697","101929529 intron2"
"698","101929529 intron1"
"699","1512 intron12"
"700","101928437 intron3"
"701","10079 intron15"
"702","124902636 intron2"
"703","124602 intron15"
"704","105375692 intron1"
"705","151525 intron7"
"706","107986766 intron1"
"707","124903164 intron4"
"708","124903164 intron3"
"709","105370016 intron1"
"710","100505515 intron1"
"711","154141 intron2"
"712","109951030 intron38"
"713","10675 intron1"
"714","105374934 intron3"
"715","1130 intron10"
"716","124901677 intron1"
"717","101928405 intron1"
"718","102724485 intron6"
"719","105373718 intron2"
"720","148753 intron1"
"721","146894 intron3"
"722","101927835 intron2"
"723","124904486 intron1"
"724","124904491 intron1"
"725","102467147 intron2"
"726","122402 intron30"
"727","122455341 intron2"
"728","101928418 intron1"
"729","1496 intron3"
"730","146664 intron7"
"731","11132 intron6"
"732","11132 intron9"
"733","11133 intron13"
"734","100506060 intron19"
"735","105370969 intron2"
"736","11113 intron17"
"737","11116 intron4"
"738","124902563 intron1"
"739","112268145 intron11"
"740","100302692 intron10"
"741","100302692 intron5"
"742","105374548 intron2"
"743","105374548 intron3"
"744","105376751 intron1"
"745","105374951 intron1"
"746","117532 intron2"
"747","107987176 intron1"
"748","1540 intron4"
"749","152586 intron2"
"750","152789 intron18"
"751","124903558 intron1"
"752","124903559 intron1"
"753","1213 intron31"
"754","121355 intron8"
"755","105369808 intron2"
"756","105369809 intron1"
"757","124903446 intron1"
"758","10371 intron2"
"759","103724386 intron3"
"760","101927449 intron2"
"761","105374555 intron2"
"762","105373030 intron2"
"763","10060 intron7"
"764","10214 intron4"
"765","10216 intron8"
"766","10290 intron30"
"767","10290 intron39"
"768","150372 intron8"
"769","133522 intron9"
"770","133522 intron10"
"771","133558 intron38"
"772","105370676 intron3"
"773","105370679 intron3"
"774","116115 intron1"
"775","124900834 intron1"
"776","124900836 intron1"
"777","124900838 intron1"
"778","1029 intron4"
"779","1029 intron1"
"780","107984132 intron1"
"781","107984158 intron1"
"782","107984158 intron2"
"783","107984168 intron1"
"784","107984168 intron2"
"785","105376220 intron2"
"786","105376232 intron2"
"787","105376233 intron2"
"788","10178 intron17"
"789","116238 intron5"
"790","116238 intron3"
"791","10412 intron5"
"792","11193 intron10"
"793","11194 intron2"
"794","11194 intron9"
"795","10076 intron21"
"796","105371874 intron1"
"797","105372925 intron3"
"798","105373440 intron2"
"799","105373447 intron1"
"800","105372524 intron1"
"801","1294 intron112"
"802","115701 intron11"
"803","100507501 intron2"
"804","101927096 intron4"
"805","105371629 intron1"
"806","110006323 intron17"
"807","112268090 intron1"
"808","105370959 intron2"
"809","105370969 intron1"
"810","104472715 intron175"
"811","130271 intron6"
"812","130271 intron12"
"813","130271 intron20"
"814","10452 intron6"
"815","10452 intron8"
"816","115727 intron8"
"817","115749 intron5"
"818","10282 intron1"
"819","105375208 intron3"
"820","105377406 intron1"
"821","101928563 intron4"
"822","101928530 intron1"
"823","101928537 intron2"
"824","149998 intron10"
"825","102724557 intron2"
"826","101928540 intron1"
"827","107986642 intron1"
"828","105376214 intron1"
"829","101929631 intron3"
"830","10777 intron18"
"831","10777 intron20"
"832","105374942 intron4"
"833","105374943 intron4"
"834","101927082 intron1"
"835","146057 intron9"
"836","10714 intron6"
"837","105377572 intron2"
"838","11280 intron21"
"839","105372079 intron6"
"840","105372082 intron2"
"841","10826 intron9"
"842","102724586 intron2"
"843","10717 intron7"
"844","10717 intron5"
"845","124904763 intron1"
"846","1435 intron1"
"847","113251 intron5"
"848","113251 intron6"
"849","124900711 intron1"
"850","124900713 intron1"
"851","151050 intron16"
"852","151050 intron15"
"853","124900714 intron2"
"854","105371147 intron1"
"855","107984059 intron2"
"856","131474 intron1"
"857","101928651 intron6"
"858","10299 intron10"
"859","103 intron14"
"860","133308 intron8"
"861","10317 intron3"
"862","124902625 intron1"
"863","151987 intron11"
"864","100131691 intron5"
"865","101929174 intron1"
"866","101929194 intron2"
"867","101928658 intron2"
"868","10493 intron2"
"869","1523 intron31"
"870","152330 intron17"
"871","105375835 intron6"
"872","11169 intron20"
"873","10298 intron11"
"874","151011 intron7"
"875","10771 intron14"
"876","105373575 intron2"
"877","105377410 intron1"
"878","153657 intron1"
"879","153657 intron11"
"880","1537 intron4"
"881","112267903 intron1"
"882","112267908 intron1"
"883","124905193 intron1"
"884","107984283 intron2"
"885","105370250 intron1"
"886","10036 intron8"
"887","101928583 intron4"
"888","100506380 intron2"
"889","10004 intron4"
"890","117583 intron2"
"891","105369421 intron4"
"892","100128890 intron1"
"893","1005 intron8"
"894","1005 intron9"
"895","105375814 intron1"
"896","105375816 intron2"
"897","124903482 intron2"
"898","124903485 intron1"
"899","124903487 intron1"
"900","100499466 intron4"
"901","100499466 intron5"
"902","100499467 intron2"
"903","1005 intron2"
"904","105375183 intron1"
"905","105375185 intron1"
"906","132949 intron3"
"907","105373691 intron1"
"908","105373696 intron4"
"909","10946 intron1"
"910","10947 intron2"
"911","105372517 intron3"
"912","105378887 intron2"
"913","105378888 intron1"
"914","105377295 intron2"
"915","101927117 intron4"
"916","101927117 intron1"
"917","105375072 intron1"
"918","105375077 intron1"
"919","1306 intron33"
"920","10235 intron12"
"921","100129836 intron1"
"922","100129842 intron5"
"923","100505797 intron1"
"924","100505806 intron1"
"925","10297 intron14"
"926","100421746 intron1"
"927","101928336 intron1"
"928","105378891 intron3"
"929","100129482 intron6"
"930","100129482 intron5"
"931","100101117 intron5"
"932","100101117 intron3"
"933","10307 intron4"
"934","10308 intron2"
"935","112267908 intron2"
"936","10312 intron11"
"937","1297 intron32"
"938","149478 intron5"
"939","124906008 intron1"
"940","124909464 intron1"
"941","101928617 intron1"
"942","124900882 intron1"
"943","105374986 intron1"
"944","105375024 intron1"
"945","105375025 intron1"
"946","105373292 intron2"
"947","105373293 intron1"
"948","105370588 intron3"
"949","11273 intron13"
"950","105373155 intron2"
"951","146754 intron3"
"952","107987352 intron2"
"953","116085 intron6"
"954","116092 intron1"
"955","116092 intron5"
"956","105375861 intron3"
"957","124903957 intron1"
"958","10565 intron18"
"959","147179 intron1"
"960","11200 intron12"
"961","124925 intron7"
"962","124925 intron6"
"963","10564 intron27"
"964","1208 intron2"
"965","1208 intron1"
"966","124907891 intron1"
"967","124907894 intron1"
"968","105370179 intron1"
"969","105370183 intron3"
"970","105370194 intron4"
"971","122402 intron13"
"972","105370519 intron2"
"973","109864269 intron4"
"974","101927876 intron1"
"975","10786 intron1"
"976","11101 intron14"
"977","105370462 intron3"
"978","134430 intron8"
"979","101928816 intron1"
"980","101928832 intron2"
"981","100507103 intron4"
"982","10326 intron7"
"983","10327 intron1"
"984","124904782 intron1"
"985","105370507 intron3"
"986","105370507 intron2"
"987","107985675 intron6"
"988","107985684 intron2"
"989","116435303 intron2"
"990","101927183 intron2"
"991","131669 intron6"
"992","105378992 intron1"
"993","105374618 intron8"
"994","124906256 intron3"
"995","100288142 intron87"
"996","124906262 intron1"
"997","112268065 intron1"
"998","112268070 intron8"
"999","1271 intron10"
"1000","10087 intron8"
"1001","10004 intron10"
"1002","105373303 intron3"
"1003","105373303 intron1"
"1004","105373312 intron1"
"1005","10966 intron3"
"1006","105370803 intron3"
"1007","105376434 intron1"
"1008","105376437 intron2"
"1009","101927211 intron3"
"1010","101927211 intron1"
"1011","100506422 intron3"
"1012","10720 intron5"
"1013","10720 intron2"
"1014","101929679 intron5"
"1015","107986905 intron4"
"1016","146330 intron4"
"1017","101927156 intron3"
"1018","124901282 intron1"
"1019","124901287 intron1"
"1020","124901291 intron1"
"1021","124901294 intron1"
"1022","124901297 intron1"
"1023","101928736 intron3"
"1024","101928737 intron2"
"1025","101928760 intron1"
"1026","124900869 intron1"
"1027","101928708 intron2"
"1028","124909483 intron1"
"1029","124909485 intron2"
"1030","10256 intron15"
"1031","101928782 intron1"
"1032","144715 intron10"
"1033","124900697 intron1"
"1034","148823 intron7"
"1035","101927179 intron1"
"1036","124901811 intron1"
"1037","11342 intron6"
"1038","11342 intron7"
"1039","100289574 intron11"
"1040","101929705 intron2"
"1041","1293 intron25"
"1042","11274 intron3"
"1043","10382 intron4"
"1044","105375864 intron4"
"1045","105375864 intron3"
"1046","1487 intron10"
"1047","10507 intron2"
"1048","10509 intron7"
"1049","10509 intron8"
"1050","10509 intron9"
"1051","115795 intron3"
"1052","11328 intron8"
"1053","101928923 intron9"
"1054","144195 intron6"
"1055","104472715 intron135"
"1056","104472715 intron137"
"1057","104472715 intron139"
"1058","10558 intron20"
"1059","10558 intron14"
"1060","124900647 intron4"
"1061","102724165 intron3"
"1062","107986631 intron2"
"1063","107987039 intron1"
"1064","148137 intron8"
"1065","148213 intron2"
"1066","105379034 intron3"
"1067","124906977 intron2"
"1068","100034743 intron9"
"1069","107986886 intron2"
"1070","107986887 intron1"
"1071","107986890 intron1"
"1072","105378920 intron1"
"1073","149111 intron2"
"1074","149111 intron3"
"1075","124904230 intron2"
"1076","147 intron2"
"1077","10010 intron7"
"1078","100101116 intron2"
"1079","100101116 intron4"
"1080","102725532 intron4"
"1081","10478 intron2"
"1082","107161151 intron17"
"1083","101927230 intron1"
"1084","10745 intron13"
"1085","10595 intron15"
"1086","10595 intron14"
"1087","105369760 intron1"
"1088","101929224 intron2"
"1089","100287171 intron11"
"1090","100287171 intron10"
"1091","100288142 intron94"
"1092","1294 intron70"
"1093","10512 intron1"
"1094","101929730 intron1"
"1095","101929730 intron2"
"1096","1357 intron6"
"1097","1357 intron9"
"1098","102724772 intron3"
"1099","105377234 intron2"
"1100","105377237 intron1"
"1101","109951030 intron30"
"1102","100873065 intron10"
"1103","105370400 intron1"
"1104","129446 intron7"
"1105","105379002 intron2"
"1106","105379006 intron1"
"1107","102723341 intron1"
"1108","105370284 intron1"
"1109","1201 intron4"
"1110","157570 intron9"
"1111","157570 intron12"
"1112","131177 intron7"
"1113","105378083 intron2"
"1114","115825 intron11"
"1115","101928859 intron2"
"1116","105370783 intron1"
"1117","105370783 intron2"
"1118","114783 intron11"
"1119","114783 intron7"
"1120","114783 intron6"
"1121","105372680 intron2"
"1122","105372680 intron1"
"1123","124904160 intron1"
"1124","124904161 intron1"
"1125","131034 intron1"
"1126","124901347 intron1"
"1127","126205 intron1"
"1128","105371466 intron2"
"1129","100132406 intron52"
"1130","1290 intron55"
"1131","10144 intron23"
"1132","105372609 intron2"
"1133","11077 intron1"
"1134","105376243 intron1"
"1135","128869 intron12"
"1136","128869 intron10"
"1137","128869 intron8"
"1138","105377838 intron1"
"1139","147872 intron9"
"1140","102724849 intron3"
"1141","115352 intron14"
"1142","11122 intron7"
"1143","146850 intron5"
"1144","146850 intron4"
"1145","124901318 intron1"
"1146","10351 intron18"
"1147","107984784 intron1"
"1148","107984358 intron1"
"1149","107985704 intron5"
"1150","10195 intron3"
"1151","10198 intron19"
"1152","105374667 intron2"
"1153","105374676 intron9"
"1154","11193 intron8"
"1155","10625 intron7"
"1156","127247 intron2"
"1157","105376244 intron2"
"1158","100131366 intron2"
"1159","10451 intron3"
"1160","10807 intron8"
"1161","123872 intron10"
"1162","100507629 intron3"
"1163","100507632 intron2"
"1164","101929732 intron5"
"1165","1054 intron1"
"1166","107985939 intron2"
"1167","101928989 intron3"
"1168","153642 intron6"
"1169","1062 intron31"
"1170","1062 intron26"
"1171","118663 intron12"
"1172","11176 intron20"
"1173","11176 intron12"
"1174","11176 intron8"
"1175","107985802 intron1"
"1176","124901494 intron1"
"1177","107984941 intron3"
"1178","101927295 intron2"
"1179","101929008 intron2"
"1180","107986307 intron5"
"1181","105375886 intron1"
"1182","100874031 intron1"
"1183","100874032 intron1"
"1184","100874032 intron2"
"1185","100874035 intron1"
"1186","11173 intron3"
"1187","101929894 intron2"
"1188","105378115 intron1"
"1189","105378115 intron2"
"1190","105378116 intron1"
"1191","105371005 intron3"
"1192","10005 intron4"
"1193","10005 intron2"
"1194","10006 intron11"
"1195","107985943 intron1"
"1196","10735 intron6"
"1197","105374676 intron11"
"1198","10142 intron15"
"1199","10643 intron5"
"1200","124902291 intron1"
"1201","11343 intron1"
"1202","11344 intron1"
"1203","10844 intron19"
"1204","100127967 intron2"
"1205","100127983 intron5"
"1206","124902565 intron1"
"1207","124902601 intron1"
"1208","124902602 intron1"
"1209","124902603 intron1"
"1210","124902606 intron1"
"1211","124902609 intron1"
"1212","112268413 intron1"
"1213","100129935 intron1"
"1214","100129940 intron2"
"1215","105373535 intron2"
"1216","105374645 intron1"
"1217","101927278 intron2"
"1218","101927279 intron1"
"1219","1290 intron56"
"1220","124903076 intron1"
"1221","124903087 intron1"
"1222","10345 intron28"
"1223","140683 intron1"
"1224","101929025 intron4"
"1225","115701 intron1"
"1226","105377302 intron1"
"1227","105371046 intron2"
"1228","105371049 intron1"
"1229","145497 intron14"
"1230","145497 intron15"
"1231","107984661 intron1"
"1232","105376250 intron3"
"1233","100289678 intron2"
"1234","112268118 intron2"
"1235","139324 intron3"
"1236","139324 intron2"
"1237","120103 intron8"
"1238","120103 intron7"
"1239","149465 intron6"
"1240","149465 intron8"
"1241","127294 intron15"
"1242","105375909 intron1"
"1243","105375924 intron1"
"1244","100287718 intron2"
"1245","100287718 intron3"
"1246","127294 intron32"
"1247","105371600 intron3"
"1248","11187 intron6"
"1249","113263 intron4"
"1250","105370651 intron1"
"1251","10349 intron13"
"1252","1088 intron1"
"1253","101927430 intron1"
"1254","124905024 intron1"
"1255","105376625 intron1"
"1256","11190 intron8"
"1257","11190 intron9"
"1258","101927272 intron1"
"1259","145858 intron1"
"1260","11227 intron9"
"1261","118738 intron3"
"1262","101927440 intron1"
"1263","114881 intron3"
"1264","114659 intron10"
"1265","1147 intron15"
"1266","137492 intron5"
"1267","123624 intron24"
"1268","154313 intron10"
"1269","10274 intron2"
"1270","10276 intron2"
"1271","10276 intron5"
"1272","10276 intron9"
"1273","10276 intron12"
"1274","105374958 intron2"
"1275","105374965 intron2"
"1276","105374971 intron2"
"1277","105374971 intron4"
"1278","11194 intron14"
"1279","105372633 intron1"
"1280","127602 intron59"
"1281","127579 intron8"
"1282","127579 intron2"
"1283","105370605 intron2"
"1284","10681 intron4"
"1285","100134015 intron2"
"1286","105375554 intron4"
"1287","101929034 intron1"
"1288","10188 intron5"
"1289","10188 intron1"
"1290","10189 intron5"
"1291","10189 intron2"
"1292","10189 intron1"
"1293","1019 intron5"
"1294","101927411 intron1"
"1295","101927413 intron4"
"1296","135112 intron17"
"1297","105377291 intron1"
"1298","105377294 intron1"
"1299","107985900 intron1"
"1300","107985909 intron1"
"1301","101927417 intron3"
"1302","1193 intron5"
"1303","105376388 intron3"
"1304","101927452 intron5"
"1305","127602 intron83"
"1306","10349 intron30"
"1307","10349 intron24"
"1308","107303344 intron1"
"1309","150365 intron20"
"1310","105377447 intron1"
"1311","153733 intron3"
"1312","132014 intron15"
"1313","101927108 intron1"
"1314","100996597 intron1"
"1315","107984391 intron2"
"1316","101927445 intron2"
"1317","124901641 intron1"
"1318","10855 intron11"
"1319","105375890 intron2"
"1320","105377876 intron3"
"1321","105377881 intron2"
"1322","105372432 intron1"
"1323","105373062 intron1"
"1324","105378236 intron2"
"1325","103689845 intron2"
"1326","100506834 intron2"
"1327","1180 intron17"
"1328","1180 intron19"
"1329","1180 intron20"
"1330","1181 intron22"
"1331","105377459 intron6"
"1332","11198 intron18"
"1333","1277 intron19"
"1334","105377459 intron10"
"1335","105371559 intron2"
"1336","105371559 intron1"
"1337","105371562 intron1"
"1338","105376541 intron2"
"1339","138255 intron1"
"1340","138311 intron1"
"1341","105374928 intron6"
"1342","124901255 intron1"
"1343","124901257 intron1"
"1344","124901267 intron1"
"1345","105373904 intron1"
"1346","10640 intron11"
"1347","105378848 intron2"
"1348","128637 intron4"
"1349","1287 intron1"
"1350","1287 intron14"
"1351","105376874 intron1"
"1352","105373394 intron2"
"1353","130752 intron3"
"1354","10777 intron31"
"1355","105377465 intron2"
"1356","101927506 intron7"
"1357","101927511 intron1"
"1358","102723490 intron6"
"1359","102723490 intron3"
"1360","105375955 intron1"
"1361","111082994 intron1"
"1362","10755 intron1"
"1363","124904103 intron2"
"1364","100128398 intron1"
"1365","124901338 intron1"
"1366","102725180 intron2"
"1367","126308 intron4"
"1368","105373941 intron1"
"1369","105377434 intron1"
"1370","100132406 intron88"
"1371","105374828 intron1"
"1372","100130742 intron3"
"1373","100529207 intron2"
"1374","10718 intron7"
"1375","105378211 intron2"
"1376","105378215 intron4"
"1377","109729180 intron4"
"1378","109729184 intron2"
"1379","10858 intron16"
"1380","101929798 intron3"
"1381","10982 intron5"
"1382","127 intron6"
"1383","105372339 intron2"
"1384","10040 intron1"
"1385","10040 intron3"
"1386","105378427 intron7"
"1387","105378429 intron1"
"1388","124903131 intron1"
"1389","124903132 intron1"
"1390","105372711 intron3"
"1391","10636 intron12"
"1392","10640 intron14"
"1393","105374790 intron2"
"1394","147179 intron9"
"1395","105375717 intron1"
"1396","105375717 intron3"
"1397","101930010 intron3"
"1398","101930100 intron2"
"1399","100506810 intron2"
"1400","100506826 intron1"
"1401","124902801 intron1"
"1402","10631 intron8"
"1403","100874203 intron2"
"1404","11216 intron6"
"1405","107985457 intron2"
"1406","105374739 intron2"
"1407","101927484 intron3"
"1408","124905231 intron1"
"1409","138639 intron5"
"1410","105371307 intron2"
"1411","113523642 intron2"
"1412","100874212 intron2"
"1413","100874216 intron2"
"1414","107986781 intron2"
"1415","105370260 intron2"
"1416","103724390 intron2"
"1417","105374834 intron2"
"1418","105374846 intron1"
"1419","11278 intron15"
"1420","10060 intron39"
"1421","152578 intron4"
"1422","105374931 intron1"
"1423","105369872 intron3"
"1424","10051 intron12"
"1425","124900748 intron2"
"1426","11190 intron20"
"1427","112268071 intron2"
"1428","1413 intron8"
"1429","11283 intron8"
"1430","11283 intron12"
"1431","11284 intron16"
"1432","100130522 intron2"
"1433","100130548 intron2"
"1434","100130581 intron4"
"1435","114883 intron20"
"1436","10765 intron8"
"1437","105371313 intron2"
"1438","114827 intron9"
"1439","107984839 intron1"
"1440","107984851 intron2"
"1441","107984872 intron1"
"1442","144165 intron5"
"1443","107985962 intron2"
"1444","100885777 intron1"
"1445","100885779 intron1"
"1446","100885782 intron2"
"1447","10776 intron6"
"1448","10776 intron5"
"1449","124907897 intron1"
"1450","124900756 intron2"
"1451","124900758 intron1"
"1452","105378178 intron8"
"1453","100507421 intron3"
"1454","105376714 intron2"
"1455","136319 intron2"
"1456","1295 intron2"
"1457","101929162 intron3"
"1458","116986 intron10"
"1459","116986 intron9"
"1460","107985005 intron2"
"1461","10322 intron6"
"1462","10059 intron18"
"1463","10110 intron4"
"1464","107984041 intron7"
"1465","130916 intron4"
"1466","102723536 intron3"
"1467","102723546 intron4"
"1468","1237 intron1"
"1469","123706507 intron1"
"1470","130162 intron3"
"1471","130271 intron3"
"1472","1457 intron6"
"1473","116447 intron1"
"1474","124901752 intron1"
"1475","124901757 intron1"
"1476","11269 intron11"
"1477","112694756 intron3"
"1478","105373970 intron2"
"1479","1130 intron29"
"1480","100852408 intron1"
"1481","100852410 intron3"
"1482","100859921 intron12"
"1483","105369947 intron2"
"1484","101927131 intron2"
"1485","101927134 intron4"
"1486","101927134 intron2"
"1487","127845 intron3"
"1488","114827 intron20"
"1489","1215 intron3"
"1490","105375239 intron1"
"1491","105375243 intron1"
"1492","133746 intron7"
"1493","105379385 intron3"
"1494","10651 intron3"
"1495","1373 intron4"
"1496","1308 intron46"
"1497","1308 intron42"
"1498","1308 intron38"
"1499","105371893 intron1"
"1500","105371896 intron1"
"1501","126410 intron12"
"1502","105373909 intron1"
"1503","10721 intron3"
"1504","1103 intron11"
"1505","1303 intron18"
"1506","10749 intron15"
"1507","11213 intron9"
"1508","157310 intron6"
"1509","124904199 intron1"
"1510","105376943 intron1"
"1511","151903 intron7"
"1512","10576 intron11"
"1513","101927575 intron2"
"1514","101927575 intron3"
"1515","139212 intron4"
"1516","135295 intron1"
"1517","10765 intron13"
"1518","147872 intron13"
"1519","114880 intron5"
"1520","124904889 intron1"
"1521","100506637 intron1"
"1522","101927362 intron1"
"1523","100652857 intron5"
"1524","147660 intron4"
"1525","147660 intron5"
"1526","101927556 intron2"
"1527","102724446 intron1"
"1528","105378797 intron3"
"1529","10484 intron19"
"1530","105373864 intron1"
"1531","151126 intron6"
"1532","124903665 intron2"
"1533","124903665 intron1"
"1534","127943 intron3"
"1535","10277 intron23"
"1536","105378726 intron3"
"1537","105378726 intron4"
"1538","10013 intron25"
"1539","105371449 intron1"
"1540","10523 intron15"
"1541","105369723 intron1"
"1542","105369724 intron2"
"1543","101927587 intron3"
"1544","101927590 intron2"
"1545","10019 intron7"
"1546","149013 intron16"
"1547","105373177 intron1"
"1548","105373188 intron4"
"1549","124902284 intron1"
"1550","104472715 intron118"
"1551","104472715 intron119"
"1552","10847 intron25"
"1553","143162 intron10"
"1554","105375055 intron2"
"1555","105375065 intron1"
"1556","102725509 intron4"
"1557","115196 intron5"
"1558","10350 intron2"
"1559","10351 intron25"
"1560","10086 intron12"
"1561","105374016 intron10"
"1562","101929088 intron3"
"1563","11101 intron4"
"1564","11105 intron7"
"1565","105370057 intron1"
"1566","10667 intron8"
"1567","10667 intron10"
"1568","10671 intron6"
"1569","10325 intron1"
"1570","10325 intron5"
"1571","10325 intron9"
"1572","11127 intron4"
"1573","124905155 intron1"
"1574","10956 intron12"
"1575","105375272 intron2"
"1576","120 intron1"
"1577","143872 intron15"
"1578","105369543 intron2"
"1579","105371191 intron2"
"1580","105371217 intron2"
"1581","105371223 intron1"
"1582","124901154 intron1"
"1583","100286938 intron1"
"1584","105378696 intron2"
"1585","101929244 intron1"
"1586","101929247 intron4"
"1587","107985740 intron3"
"1588","107985740 intron2"
"1589","10097 intron4"
"1590","10098 intron5"
"1591","100506084 intron2"
"1592","105372899 intron1"
"1593","101927615 intron1"
"1594","101927616 intron2"
"1595","153201 intron1"
"1596","153222 intron10"
"1597","105378801 intron2"
"1598","105378806 intron2"
"1599","11136 intron8"
"1600","11136 intron4"
"1601","1294 intron12"
"1602","10529 intron28"
"1603","10529 intron2"
"1604","105379054 intron2"
"1605","124901019 intron2"
"1606","100130742 intron7"
"1607","100130950 intron1"
"1608","100130950 intron2"
"1609","105370463 intron1"
"1610","100130950 intron3"
"1611","105370475 intron3"
"1612","114899 intron7"
"1613","114899 intron6"
"1614","140732 intron6"
"1615","140738 intron4"
"1616","142678 intron20"
"1617","1183 intron7"
"1618","10402 intron7"
"1619","10403 intron2"
"1620","151242 intron5"
"1621","105372643 intron3"
"1622","105372645 intron1"
"1623","114882 intron1"
"1624","105377913 intron5"
"1625","105377922 intron3"
"1626","105377922 intron2"
"1627","100506049 intron6"
"1628","150726 intron6"
"1629","146802 intron15"
"1630","100288142 intron54"
"1631","154075 intron16"
"1632","100507607 intron9"
"1633","143162 intron14"
"1634","143162 intron13"
"1635","149013 intron17"
"1636","101927653 intron4"
"1637","101927664 intron2"
"1638","124902373 intron1"
"1639","138046 intron13"
"1640","138050 intron2"
"1641","105371845 intron2"
"1642","101929260 intron2"
"1643","101929260 intron1"
"1644","144535 intron43"
"1645","100996291 intron1"
"1646","10094 intron4"
"1647","10095 intron3"
"1648","10795 intron2"
"1649","146845 intron13"
"1650","150962 intron8"
"1651","1315 intron1"
"1652","105375095 intron3"
"1653","116843 intron3"
"1654","1445 intron12"
"1655","1445 intron16"
"1656","132320 intron10"
"1657","107986313 intron1"
"1658","107986319 intron2"
"1659","105369684 intron1"
"1660","105372212 intron2"
"1661","1130 intron48"
"1662","1258 intron27"
"1663","1258 intron26"
"1664","107983974 intron3"
"1665","101927678 intron1"
"1666","100288142 intron131"
"1667","1259 intron4"
"1668","105371942 intron2"
"1669","105371952 intron4"
"1670","102723557 intron2"
"1671","105371310 intron3"
"1672","105376045 intron2"
"1673","122152325 intron4"
"1674","136306 intron14"
"1675","107985460 intron1"
"1676","105377627 intron1"
"1677","100131211 intron1"
"1678","140893 intron12"
"1679","124904886 intron1"
"1680","11174 intron11"
"1681","105373222 intron2"
"1682","101927688 intron4"
"1683","101927691 intron1"
"1684","10620 intron1"
"1685","124906096 intron1"
"1686","124906098 intron2"
"1687","124906098 intron1"
"1688","127602 intron79"
"1689","1006 intron8"
"1690","101929284 intron2"
"1691","1280 intron23"
"1692","105370461 intron2"
"1693","146705 intron2"
"1694","146705 intron1"
"1695","146713 intron32"
"1696","100996432 intron4"
"1697","100506409 intron2"
"1698","100506422 intron1"
"1699","1415 intron1"
"1700","11226 intron2"
"1701","100287290 intron2"
"1702","121441 intron7"
"1703","121457 intron2"
"1704","105373896 intron4"
"1705","111216286 intron1"
"1706","100996425 intron1"
"1707","100996432 intron8"
"1708","101927314 intron6"
"1709","105376297 intron2"
"1710","1287 intron48"
"1711","1311 intron4"
"1712","101927267 intron1"
"1713","101927268 intron2"
"1714","10076 intron8"
"1715","101927715 intron1"
"1716","107986437 intron1"
"1717","10253 intron1"
"1718","105369710 intron1"
"1719","124902807 intron2"
"1720","124902807 intron1"
"1721","11284 intron1"
"1722","105374040 intron2"
"1723","105376275 intron1"
"1724","11005 intron30"
"1725","100996654 intron1"
"1726","124902678 intron1"
"1727","140685 intron6"
"1728","10575 intron2"
"1729","10575 intron1"
"1730","105755953 intron2"
"1731","105377372 intron3"
"1732","116447 intron2"
"1733","105377481 intron11"
"1734","105377481 intron10"
"1735","1294 intron53"
"1736","101928505 intron1"
"1737","126668 intron16"
"1738","124904054 intron1"
"1739","124904057 intron1"
"1740","100131213 intron1"
"1741","1306 intron36"
"1742","1306 intron38"
"1743","1306 intron39"
"1744","10428 intron2"
"1745","101927699 intron1"
"1746","105374060 intron6"
"1747","10556 intron3"
"1748","100008586 intron4"
"1749","10001 intron5"
"1750","10001 intron2"
"1751","124904482 intron1"
"1752","100506497 intron2"
"1753","105376083 intron6"
"1754","129049 intron16"
"1755","105378858 intron2"
"1756","105373686 intron3"
"1757","100128988 intron1"
"1758","10514 intron26"
"1759","10514 intron17"
"1760","112577460 intron2"
"1761","124903455 intron1"
"1762","124903456 intron1"
"1763","100996590 intron2"
"1764","100996590 intron3"
"1765","105371998 intron1"
"1766","124900941 intron1"
"1767","124900942 intron1"
"1768","102724723 intron2"
"1769","102724732 intron2"
"1770","102723885 intron2"
"1771","105376497 intron1"
"1772","105369793 intron5"
"1773","10629 intron7"
"1774","10458 intron1"
"1775","10483 intron7"
"1776","10483 intron15"
"1777","102723955 intron3"
"1778","1063 intron10"
"1779","145508 intron4"
"1780","145508 intron3"
"1781","10350 intron11"
"1782","10350 intron10"
"1783","100873945 intron1"
"1784","101927795 intron1"
"1785","101927797 intron1"
"1786","10229 intron7"
"1787","10231 intron5"
"1788","118568799 intron3"
"1789","118597831 intron1"
"1790","151056 intron25"
"1791","151056 intron37"
"1792","11319 intron10"
"1793","152273 intron14"
"1794","1523 intron4"
"1795","129049 intron25"
"1796","129080 intron1"
"1797","129080 intron10"
"1798","105371256 intron3"
"1799","105371257 intron3"
"1800","11193 intron2"
"1801","147837 intron1"
"1802","1431 intron8"
"1803","143162 intron19"
"1804","11096 intron3"
"1805","139105 intron5"
"1806","139105 intron3"
"1807","139135 intron1"
"1808","105376981 intron2"
"1809","105376988 intron2"
"1810","105377864 intron7"
"1811","101929388 intron3"
"1812","101929388 intron1"
"1813","101929406 intron1"
"1814","112267858 intron1"
"1815","126402 intron5"
"1816","157 intron9"
"1817","1010 intron4"
"1818","10101 intron3"
"1819","140458 intron2"
"1820","126917 intron8"
"1821","140766 intron21"
"1822","116496 intron5"
"1823","100506195 intron4"
"1824","105372666 intron7"
"1825","105372666 intron12"
"1826","105372666 intron18"
"1827","105378569 intron2"
"1828","147710 intron3"
"1829","105374122 intron6"
"1830","100507428 intron1"
"1831","141 intron2"
"1832","1410 intron4"
"1833","102723879 intron3"
"1834","102723895 intron2"
"1835","102723906 intron2"
"1836","111216275 intron1"
"1837","102724830 intron2"
"1838","10385 intron5"
"1839","10388 intron39"
"1840","100132963 intron4"
"1841","102723944 intron1"
"1842","105377911 intron4"
"1843","1258 intron9"
"1844","105376627 intron2"
"1845","105376635 intron4"
"1846","100689074 intron2"
"1847","100689074 intron1"
"1848","1173 intron10"
"1849","140469 intron14"
"1850","140469 intron33"
"1851","147920 intron9"
"1852","124904858 intron2"
"1853","11189 intron8"
"1854","105372434 intron1"
"1855","122060 intron8"
"1856","147645 intron1"
"1857","105369513 intron5"
"1858","157556 intron1"
"1859","117143 intron1"
"1860","117145 intron4"
"1861","105373817 intron1"
"1862","105376088 intron2"
"1863","105376088 intron1"
"1864","105376091 intron1"
"1865","132954 intron1"
"1866","11214 intron25"
"1867","105377009 intron2"
"1868","113026 intron8"
"1869","11309 intron12"
"1870","1373 intron35"
"1871","105377633 intron2"
"1872","115509 intron3"
"1873","124901567 intron1"
"1874","129138 intron4"
"1875","10369 intron3"
"1876","108 intron23"
"1877","1080 intron3"
"1878","105378641 intron7"
"1879","121278 intron9"
"1880","10260 intron16"
"1881","105371016 intron2"
"1882","11201 intron11"
"1883","11202 intron4"
"1884","106144578 intron2"
"1885","145389 intron7"
"1886","1291 intron8"
"1887","130106 intron2"
"1888","130106 intron1"
"1889","114884 intron6"
"1890","127602 intron46"
"1891","100505768 intron3"
"1892","124906124 intron1"
"1893","124906127 intron1"
"1894","100302526 intron1"
"1895","1106 intron31"
"1896","124903813 intron2"
"1897","124903820 intron2"
"1898","105371974 intron3"
"1899","101927855 intron1"
"1900","131873 intron12"
"1901","131873 intron13"
"1902","105375271 intron2"
"1903","125931 intron12"
"1904","105370302 intron4"
"1905","10528 intron15"
"1906","152137 intron6"
"1907","105370224 intron2"
"1908","105370228 intron1"
"1909","1286 intron36"
"1910","1286 intron35"
"1911","1286 intron34"
"1912","105373021 intron1"
"1913","101929387 intron1"
"1914","105377815 intron1"
"1915","107984425 intron1"
"1916","105372897 intron2"
"1917","124903555 intron1"
"1918","114882 intron22"
"1919","114882 intron13"
"1920","105379351 intron1"
"1921","105379351 intron2"
"1922","10979 intron10"
"1923","100034743 intron6"
"1924","100034743 intron5"
"1925","102723670 intron2"
"1926","101927888 intron3"
"1927","124903671 intron1"
"1928","124903673 intron1"
"1929","124903675 intron1"
"1930","124903460 intron1"
"1931","105377500 intron3"
"1932","150379 intron6"
"1933","140803 intron29"
"1934","152579 intron6"
"1935","11340 intron5"
"1936","146754 intron56"
"1937","1356 intron11"
"1938","105378351 intron1"
"1939","105371952 intron2"
"1940","105377103 intron1"
"1941","101927859 intron6"
"1942","114788 intron16"
"1943","114788 intron5"
"1944","105374873 intron1"
"1945","107985015 intron1"
"1946","100505664 intron3"
"1947","100505664 intron4"
"1948","11260 intron1"
"1949","152273 intron3"
"1950","10383 intron2"
"1951","124900674 intron2"
"1952","146754 intron79"
"1953","105374146 intron2"
"1954","124904177 intron1"
"1955","101927840 intron3"
"1956","105373644 intron2"
"1957","150159 intron1"
"1958","100132406 intron11"
"1959","132612 intron4"
"1960","132612 intron9"
"1961","10983 intron1"
"1962","11052 intron7"
"1963","1105 intron8"
"1964","10904 intron3"
"1965","147920 intron13"
"1966","107985838 intron2"
"1967","105372579 intron1"
"1968","105372592 intron1"
"1969","112268411 intron1"
"1970","105372626 intron1"
"1971","128025 intron5"
"1972","128025 intron6"
"1973","117248 intron9"
"1974","1294 intron92"
"1975","1294 intron76"
"1976","104472715 intron22"
"1977","101927367 intron7"
"1978","101927367 intron6"
"1979","1154 intron3"
"1980","115416 intron1"
"1981","116154 intron3"
"1982","10447 intron5"
"1983","130752 intron8"
"1984","100506939 intron2"
"1985","100506985 intron1"
"1986","105372356 intron3"
"1987","144568 intron6"
"1988","120 intron8"
"1989","105369890 intron9"
"1990","101927396 intron4"
"1991","11064 intron13"
"1992","111 intron31"
"1993","105372462 intron1"
"1994","100420587 intron3"
"1995","100506783 intron1"
"1996","100506787 intron1"
"1997","105375570 intron1"
"1998","101928051 intron1"
"1999","105375098 intron1"
"2000","101928344 intron8"
"2001","114881 intron22"
"2002","114881 intron20"
"2003","124901975 intron5"
"2004","124901975 intron3"
"2005","115352 intron15"
"2006","105376199 intron2"
"2007","107985554 intron1"
"2008","105375482 intron1"
"2009","102724580 intron1"
"2010","107985463 intron2"
"2011","107985469 intron1"
"2012","107985480 intron1"
"2013","107985484 intron6"
"2014","124902071 intron2"
"2015","124902072 intron1"
"2016","100506724 intron1"
"2017","139378 intron6"
"2018","124902039 intron3"
"2019","124902326 intron1"
"2020","124902327 intron1"
"2021","100144603 intron3"
"2022","105375666 intron1"
"2023","105373767 intron1"
"2024","105373771 intron2"
"2025","113201 intron9"
"2026","128853 intron11"
"2027","128853 intron8"
"2028","100288142 intron29"
"2029","1380 intron5"
"2030","101928674 intron2"
"2031","134265 intron11"
"2032","100507316 intron2"
"2033","10147 intron11"
"2034","10549 intron3"
"2035","101928084 intron4"
"2036","101928085 intron1"
"2037","150290 intron3"
"2038","105375751 intron4"
"2039","101928085 intron2"
"2040","105370890 intron5"
"2041","105377891 intron4"
"2042","152006 intron7"
"2043","152015 intron4"
"2044","128866 intron2"
"2045","150596 intron3"
"2046","101928106 intron2"
"2047","101928111 intron1"
"2048","117246 intron11"
"2049","101928118 intron2"
"2050","121725015 intron2"
"2051","121793 intron4"
"2052","100508631 intron1"
"2053","105372714 intron2"
"2054","105371867 intron2"
"2055","151195 intron5"
"2056","105370904 intron1"
"2057","105370904 intron2"
"2058","127540 intron2"
